Name,Name
Id,Id
Price,Price
"New Products","New Products"
"Top Rating","Top Rating"
"Most Reviews","Most Reviews"
"Most Viewed","Most Viewed"
"Most Selling","Most Selling"
"SM Listing Tabs","SM Listing Tabs"
Categories,Categories
"Field Products","Field Products"
Loadmore,Loadmore
Slider,Slider
"Date Created","Date Created"
"Number Rating","Number Rating"
"Number Reviews","Number Reviews"
"Number Views","Number Views"
"Number Ordered","Number Ordered"
Asc,Asc
Desc,Desc
"- - Name","- - Name"
"- - Id","- - Id"
"- - Date Created","- - Date Created"
"- - Price","- - Price"
"- - Lastest Product","- - Lastest Product"
"- - Top Rating","- - Top Rating"
"- - Most Reviews","- - Most Reviews"
"- - Most Viewed","- - Most Viewed"
"- - Most Selling","- - Most Selling"
"- - Random","- - Random"
All,All
"Only Deals","Only Deals"
"Under Price","Under Price"
Magentech.com,Magentech.com
"General Options","General Options"
"Enabled Extensions","Enabled Extensions"
Title,Title
"Type Show","Type Show"
"Type Listing","Type Listing"
"Product Limitation","Product Limitation"
"Show Countdown Timer","Show Countdown Timer"
"Source Options","Source Options"
"Filter Type","Filter Type"
"Select Fields","Select Fields"
"Select Categories","Select Categories"
"Select Category","Select Category"
"Order By","Order By"
"Ordering Direction","Ordering Direction"
"Product Information","Product Information"